-- phpMyAdmin SQL Dump
-- version 4.9.1
-- https://www.phpmyadmin.net/
--
-- Host: localhost
-- Generation Time: Jan 11, 2023 at 04:57 AM
-- Server version: 8.0.17
-- PHP Version: 7.3.10

SET SQL_MODE = "NO_AUTO_VALUE_ON_ZERO";
SET AUTOCOMMIT = 0;
START TRANSACTION;
SET time_zone = "+00:00";


/*!40101 SET @OLD_CHARACTER_SET_CLIENT=@@CHARACTER_SET_CLIENT */;
/*!40101 SET @OLD_CHARACTER_SET_RESULTS=@@CHARACTER_SET_RESULTS */;
/*!40101 SET @OLD_COLLATION_CONNECTION=@@COLLATION_CONNECTION */;
/*!40101 SET NAMES utf8mb4 */;

--
-- Database: `test`
--

-- --------------------------------------------------------

--
-- Table structure for table `borrow`
--

CREATE TABLE `borrow` (
  `id` int(50) NOT NULL,
  `stu_id_pickUp` varchar(50) CHARACTER SET utf8 COLLATE utf8_general_ci NOT NULL,
  `study_group` varchar(10) NOT NULL,
  `phone` int(10) NOT NULL,
  `time` varchar(20) NOT NULL,
  `room` varchar(20) NOT NULL,
  `teacher` varchar(50) NOT NULL,
  `date` varchar(50) NOT NULL,
  `time_borrow` varchar(20) CHARACTER SET utf8 COLLATE utf8_general_ci NOT NULL,
  `time_return` timestamp NOT NULL,
  `stu_id_return` varchar(9) NOT NULL
) ENGINE=InnoDB DEFAULT CHARSET=utf8;

--
-- Dumping data for table `borrow`
--

INSERT INTO `borrow` (`id`, `stu_id_pickUp`, `study_group`, `phone`, `time`, `room`, `teacher`, `date`, `time_borrow`, `time_return`, `stu_id_return`) VALUES
(1, '', '', 0, '', 'k202', '', '', '2023-01-04 11:39:38', '0000-00-00 00:00:00', ''),
(2, '', '', 0, '', 'k202', '', '', '2023-01-11 10:07:45', '0000-00-00 00:00:00', ''),
(3, '', '', 0, '', 'k202', '', '', '2023-01-11 10:07:45', '0000-00-00 00:00:00', ''),
(4, '', '', 0, '', 'k202', '', '', '2023-01-11 10:19:17', '0000-00-00 00:00:00', ''),
(5, '634259015', '', 0, '', 'k202', '', '', '2023-01-11 10:19:50', '0000-00-00 00:00:00', '');

-- --------------------------------------------------------

--
-- Table structure for table `register`
--

CREATE TABLE `register` (
  `register_id` int(10) NOT NULL,
  `id` varchar(10) NOT NULL,
  `day_id` varchar(18) NOT NULL,
  `room_id` int(4) NOT NULL,
  `teacher_id` int(5) NOT NULL,
  `s_time_today` datetime NOT NULL,
  `e_time_today` datetime NOT NULL
) ENGINE=InnoDB DEFAULT CHARSET=utf8;

-- --------------------------------------------------------

--
-- Table structure for table `schedules`
--

CREATE TABLE `schedules` (
  `sch_id` int(11) NOT NULL,
  `day_id` int(1) NOT NULL,
  `course_id` varchar(11) CHARACTER SET utf8 COLLATE utf8_unicode_ci NOT NULL,
  `sec_id` varchar(18) CHARACTER SET utf8 COLLATE utf8_unicode_ci NOT NULL,
  `teacher_id` int(5) NOT NULL,
  `room_id` int(4) NOT NULL,
  `start_time` time NOT NULL,
  `end_time` time NOT NULL
) ENGINE=InnoDB DEFAULT CHARSET=utf8 COLLATE=utf8_unicode_ci;

--
-- Dumping data for table `schedules`
--

INSERT INTO `schedules` (`sch_id`, `day_id`, `course_id`, `sec_id`, `teacher_id`, `room_id`, `start_time`, `end_time`) VALUES
(1, 0, '4141501', '65/14', 3074, 202, '08:30:00', '12:30:00'),
(2, 0, '4141501', '65/15', 3074, 202, '13:30:00', '17:30:00'),
(3, 1, '4142504', '64/14', 3004, 202, '08:30:00', '12:30:00'),
(4, 1, '4142504', '64/13', 3004, 202, '13:30:00', '17:30:00'),
(5, 2, '4141501', '65/16', 3074, 202, '08:30:00', '12:30:00'),
(6, 2, '4142505', '64/15', 2270, 202, '13:30:00', '17:30:00'),
(7, 3, '4142505', '64/13', 2270, 202, '08:30:00', '12:30:00'),
(8, 3, '4142505', '64/14', 2270, 202, '13:30:00', '17:30:00'),
(9, 4, '4142504', '64/15', 3004, 202, '08:30:00', '12:30:00'),
(10, 0, '4141102', '65/15', 2268, 205, '08:30:00', '12:30:00'),
(11, 0, '4141102', '65/14', 2268, 205, '13:30:00', '17:30:00'),
(12, 1, '4142702', '64/13', 2269, 205, '08:30:00', '12:30:00'),
(13, 1, '4142702', '64/14', 2269, 205, '13:30:00', '17:30:00'),
(14, 2, '4142702', '64/15', 2269, 205, '08:30:00', '12:30:00'),
(15, 2, '4141102', '65/16', 2268, 205, '13:30:00', '17:30:00'),
(16, 3, '4143901', '63/16', 3076, 205, '08:30:00', '11:30:00'),
(17, 4, '4143901', '63/15', 3076, 205, '08:30:00', '11:30:00'),
(18, 4, '4143901', '63/14', 3076, 205, '13:30:00', '16:30:00'),
(19, 0, '4143608', '63/15', 7013, 206, '08:30:00', '12:30:00'),
(20, 0, '4143608', '63/14', 7013, 206, '13:30:00', '17:30:00'),
(21, 1, '7204201', '62/37', 7098, 206, '08:30:00', '12:30:00'),
(22, 1, '4143608', '63/16', 7013, 206, '13:30:00', '17:30:00'),
(23, 2, '7204604', '62/38', 7098, 206, '08:30:00', '11:30:00'),
(24, 3, '7191102', '63/45', 7014, 206, '08:30:00', '11:30:00'),
(25, 3, '7191102', '63/46', 7014, 206, '13:30:00', '16:30:00'),
(26, 0, '7142103', '63/42', 7014, 210, '08:30:00', '11:30:00'),
(27, 0, '7144308', '62/36', 4060, 210, '13:30:00', '17:30:00'),
(28, 1, '7143402', '63/42', 4060, 210, '08:30:00', '12:30:00'),
(29, 1, '7141401', '65/39', 7042, 210, '13:30:00', '17:30:00'),
(30, 2, '7141601', '65/39', 7014, 210, '08:30:00', '12:30:00'),
(31, 2, '7143305', '63/42', 4060, 210, '13:30:00', '17:30:00'),
(32, 3, '7143502', '63/42', 3063, 210, '08:30:00', '12:30:00'),
(33, 3, '7142401', '64/37', 3063, 210, '13:30:00', '17:30:00'),
(34, 0, '7203607', '63/43', 3068, 303, '08:30:00', '12:30:00'),
(35, 0, '7203607', '63/44', 3068, 303, '13:30:00', '17:30:00'),
(36, 1, '7202302', '64/39', 5039, 303, '08:30:00', '12:30:00'),
(37, 1, '7202302', '64/38', 5039, 303, '13:30:00', '17:30:00'),
(38, 2, '7202102', '63/44', 5039, 303, '08:30:00', '10:30:00'),
(39, 2, '7202102', '63/43', 6002, 303, '10:30:00', '12:30:00'),
(40, 2, '4000201', '65/42', 2168, 303, '13:30:00', '16:30:00'),
(41, 3, '7204704', '63/44', 6002, 303, '08:30:00', '12:30:00'),
(42, 3, '7204704', '63/43', 6002, 303, '13:30:00', '17:30:00'),
(43, 4, '7202106', '64/39', 3236, 303, '08:30:00', '12:30:00'),
(44, 4, '7202106', '64/38', 3236, 303, '13:30:00', '17:30:00'),
(45, 0, '7204301', '62/37', 6012, 304, '08:30:00', '12:30:00'),
(46, 0, '7204301', '62/38', 6012, 304, '08:30:00', '12:30:00'),
(47, 0, '7204604', '62/37', 7098, 304, '13:30:00', '16:30:00'),
(48, 1, '7203804', '63/44', 3236, 304, '08:30:00', '10:30:00'),
(49, 1, '7201102', '65/41', 3068, 304, '10:30:00', '12:30:00'),
(50, 1, '7203804', '63/43', 3236, 304, '13:30:00', '15:30:00'),
(51, 1, '7201102', '65/40', 3068, 304, '15:30:00', '17:30:00'),
(52, 2, '7202102', '63/43', 6002, 304, '08:30:00', '10:30:00'),
(53, 2, '7202102', '63/44', 5039, 304, '10:30:00', '12:30:00'),
(54, 3, '7204302', '62/37', 6012, 304, '08:30:00', '12:30:00'),
(55, 3, '7204302', '62/38', 6012, 304, '13:30:00', '17:30:00'),
(56, 4, '7203805', '63/44', 7043, 304, '08:30:00', '12:30:00'),
(57, 4, '7203805', '63/43', 7043, 304, '13:30:00', '17:30:00'),
(58, 0, '7193705', '63/45', 2176, 305, '08:30:00', '12:30:00'),
(59, 0, '7193705', '63/46', 2176, 305, '13:30:00', '17:30:00'),
(60, 1, '7193601', '63/45', 2176, 305, '08:30:00', '12:30:00'),
(61, 1, '7193601', '63/46', 2176, 305, '13:30:00', '17:30:00'),
(62, 2, '7193603', '63/46', 3022, 305, '08:30:00', '12:30:00'),
(63, 2, '7193603', '63/45', 3022, 305, '13:30:00', '17:30:00'),
(64, 3, '7193302', '63/46', 2295, 305, '08:30:00', '12:30:00'),
(65, 3, '7193302', '63/45', 2295, 305, '13:30:00', '17:30:00'),
(66, 4, '7192702', '64/40', 3231, 305, '08:30:00', '12:30:00'),
(67, 4, '7192702', '64/41', 3231, 305, '13:30:00', '17:30:00'),
(68, 0, '4000126', '63/106,63/54,63/55', 77132, 306, '08:30:00', '11:30:00'),
(71, 0, '4000126', '64/62', 77132, 306, '12:30:00', '15:30:00'),
(72, 0, '4000126', '64/63', 77131, 306, '15:30:00', '18:30:00'),
(73, 1, '4000201', '65/45', 7097, 306, '08:30:00', '11:30:00'),
(74, 1, '4000201', '65/1', 2142, 306, '12:30:00', '15:30:00'),
(75, 2, '4000126', '64/98', 6049, 306, '08:30:00', '11:30:00'),
(76, 2, '4000126', '64/97', 3080, 306, '13:30:00', '16:30:00'),
(77, 3, '4000126', '64/91', 3022, 306, '08:30:00', '11:30:00'),
(78, 3, '4000126', '64/92', 2147, 306, '12:30:00', '15:30:00'),
(79, 3, '4000126', '64/102', 6001, 306, '15:30:00', '18:30:00'),
(80, 4, '4000201', '65/83', 3237, 306, '08:30:00', '11:30:00'),
(81, 4, '4000201', '65/84', 3237, 306, '12:30:00', '15:30:00'),
(82, 0, '4000201', '65/91', 3075, 307, '08:30:00', '11:30:00'),
(83, 0, '4000201', '65/57', 3075, 307, '12:30:00', '15:30:00'),
(84, 0, '4000201', '65/85', 3075, 307, '15:30:00', '18:30:00'),
(85, 1, '4000201', '65/96', 2260, 307, '08:30:00', '11:30:00'),
(86, 1, '4000201', '65/52', 2260, 307, '12:30:00', '15:30:00'),
(87, 2, '4000201', '64/53', 3075, 307, '08:30:00', '11:30:00'),
(88, 2, '4000201', '64/54', 7042, 307, '13:30:00', '16:30:00'),
(89, 3, '4000201', '65/61', 7042, 307, '08:30:00', '11:30:00'),
(90, 3, '4000201', '65/49', 5049, 307, '12:30:00', '15:30:00'),
(91, 3, '4000201', '65/50', 77124, 307, '15:30:00', '18:30:00'),
(92, 4, '4000201', '65/60', 7007, 307, '08:30:00', '11:30:00'),
(93, 4, '4000201', '65/44', 7007, 307, '08:30:00', '11:30:00'),
(94, 4, '4000201', '65/51', 2261, 307, '12:30:00', '15:30:00'),
(95, 0, '7191701', '65/43', 77121, 309, '08:30:00', '12:30:00'),
(96, 0, '7191701', '65/42', 77121, 309, '13:30:00', '17:30:00'),
(97, 2, '7194303', '62/39', 77121, 309, '08:30:00', '12:30:00'),
(98, 2, '7194303', '62/40', 77121, 309, '13:30:00', '17:30:00'),
(99, 3, '7192701', '64/41', 2142, 309, '08:30:00', '12:30:00'),
(100, 3, '7192701', '64/40', 2142, 309, '13:30:00', '17:30:00'),
(101, 4, '7194604', '62/40', 77121, 309, '08:30:00', '12:30:00'),
(102, 4, '7194604', '62/39', 77121, 309, '13:30:00', '17:30:00'),
(103, 0, '7201401', '65/40', 6002, 310, '08:30:00', '12:30:00'),
(104, 0, '7201401', '65/41', 6002, 310, '13:30:00', '17:30:00'),
(105, 1, '7201102', '65/41', 3068, 310, '08:30:00', '10:30:00'),
(106, 1, '7203804', '63/44', 3236, 310, '10:30:00', '12:30:00'),
(107, 1, '7201102', '65/40', 3068, 310, '13:30:00', '15:30:00'),
(108, 1, '7203804', '63/43', 3236, 310, '15:30:00', '17:30:00'),
(109, 2, '4000201', '65/43', 2168, 310, '08:30:00', '11:30:00'),
(110, 2, '7204902', '62/37,62/38', 7098, 310, '11:30:00', '18:30:00'),
(114, 3, '7203301', '63/43,63/44', 7098, 310, '08:30:00', '12:30:00'),
(116, 4, '7201103', '65/40', 5039, 310, '08:30:00', '12:30:00'),
(117, 4, '7201103', '65/41', 5039, 310, '13:30:00', '17:30:00'),
(118, 0, '7194801', '62/39', 7041, 402, '08:30:00', '11:30:00'),
(119, 0, '7194905', '62/39', 7041, 402, '12:30:00', '18:30:00'),
(120, 1, '7111501', '65/102', 7048, 402, '08:30:00', '12:30:00'),
(121, 1, '7111501', '65/101', 7048, 402, '13:30:00', '17:30:00'),
(122, 3, '7113407', '63/47', 7048, 402, '08:30:00', '12:30:00'),
(123, 3, '7113503', '63/47', 7048, 402, '13:30:00', '17:30:00'),
(124, 0, '7191101', '65/42', 3231, 403, '08:30:00', '12:30:00'),
(125, 0, '7191101', '65/43', 3231, 403, '13:30:00', '17:30:00'),
(126, 1, '7113408', '63/47', 77123, 403, '08:30:00', '12:30:00'),
(127, 1, '7204201', '62/38', 7098, 403, '13:30:00', '17:30:00'),
(128, 2, '7113405', '63/47', 7048, 403, '08:30:00', '12:30:00'),
(129, 3, '7101001', '65/102', 4061, 403, '08:30:00', '12:30:00'),
(130, 3, '7101001', '65/101', 4061, 403, '13:30:00', '17:30:00'),
(131, 4, '7194903', '62/39', 2176, 403, '08:30:00', '12:30:00'),
(132, 4, '7194903', '62/40', 2176, 403, '13:30:00', '17:30:00'),
(133, 0, '7112404', '63/47', 4075, 404, '08:30:00', '12:30:00'),
(134, 0, '7102003', '64/42', 4061, 404, '13:30:00', '17:30:00'),
(135, 1, '7112303', '64/42', 4075, 404, '08:30:00', '12:30:00'),
(136, 1, '7114208', '63/47', 4075, 404, '13:30:00', '17:30:00'),
(137, 2, '7114212', '62/41', 4061, 404, '08:30:00', '12:30:00'),
(138, 2, '7114207', '62/41', 4075, 404, '14:30:00', '18:30:00'),
(139, 3, '7111401', '65/101', 77123, 404, '08:30:00', '12:30:00'),
(140, 3, '7113205', '63/47', 4075, 404, '13:30:00', '17:30:00'),
(141, 4, '7112403', '64/42', 77123, 404, '08:30:00', '11:30:00'),
(142, 0, '4000201', '65/56', 6001, 407, '08:30:00', '11:30:00'),
(143, 0, '7112304', '63/47', 3080, 407, '13:30:00', '17:30:00'),
(144, 1, '7113306', '63/47', 3080, 407, '08:30:00', '12:30:00'),
(145, 2, '7112202', '64/42', 3080, 407, '08:30:00', '12:30:00'),
(146, 3, '7113204', '63/47', 3080, 407, '08:30:00', '12:30:00'),
(147, 3, '7111401', '65/102', 77123, 407, '13:30:00', '17:30:00'),
(148, 4, '7201101', '65/41', 6012, 407, '08:30:00', '12:30:00'),
(149, 4, '7201101', '65/40', 6012, 407, '13:30:00', '17:30:00'),
(150, 0, '7153308', '63/50', 2166, 408, '08:30:00', '12:30:00'),
(151, 0, '7153210', '63/50', 2310, 408, '13:30:00', '17:30:00'),
(152, 1, '7153105', '63/50', 2166, 408, '08:30:00', '12:30:00'),
(153, 1, '7193901', '63/45', 3231, 408, '13:30:00', '17:30:00'),
(154, 2, '7151301', '65/45', 2310, 408, '08:30:00', '12:30:00'),
(155, 2, '7153310', '62/45', 2166, 408, '13:30:00', '17:30:00'),
(156, 3, '7152203', '64/45', 2310, 408, '08:30:00', '12:30:00'),
(157, 3, '7152203', '64/46', 2310, 408, '13:30:00', '17:30:00'),
(158, 4, '7151302', '65/45', 3020, 408, '08:30:00', '12:30:00'),
(159, 4, '7112302', '64/42', 77123, 408, '13:30:00', '17:30:00'),
(160, 0, '7152401', '64/46', 7097, 409, '08:30:00', '12:30:00'),
(161, 0, '7152401', '64/45', 7097, 409, '13:30:00', '17:30:00'),
(162, 1, '7152305', '64/45', 7003, 409, '08:30:00', '12:30:00'),
(163, 1, '7152305', '64/46', 7003, 409, '13:30:00', '17:30:00'),
(164, 2, '7153309', '63/50', 2166, 409, '08:30:00', '12:30:00'),
(165, 2, '7151201', '65/45', 3020, 409, '13:30:00', '17:30:00'),
(166, 3, '7151101', '65/45', 3020, 409, '08:30:00', '12:30:00'),
(167, 3, '7153106', '63/50', 3020, 409, '13:30:00', '17:30:00'),
(168, 4, '7154131', '62/45', 3020, 409, '13:30:00', '17:30:00'),
(169, 1, '7194801', '62/40', 7041, 411, '08:30:00', '11:30:00'),
(170, 1, '7194905', '62/40', 7041, 411, '12:30:00', '18:30:00'),
(171, 3, '7194904', '62/39', 7041, 411, '08:30:00', '11:30:00'),
(172, 3, '7194904', '62/40', 7041, 411, '08:30:00', '11:30:00'),
(173, 1, '7193901', '63/46', 3231, 412, '08:30:00', '12:30:00'),
(174, 1, '7153101', '63/50', 7097, 412, '13:30:00', '16:30:00'),
(175, 2, '7152403', '63/50', 2310, 412, '13:30:00', '16:30:00'),
(176, 3, '7152801', '64/46', 7003, 412, '08:30:00', '12:30:00'),
(177, 3, '7152801', '64/45', 7003, 412, '13:30:00', '17:30:00'),
(178, 0, '4143501', '63/14', 2147, 501, '08:30:00', '12:30:00'),
(179, 0, '4143501', '63/15', 2147, 501, '13:30:00', '17:30:00'),
(180, 1, '4143501', '63/16', 2147, 501, '08:30:00', '12:30:00'),
(181, 1, '4000201', '65/98', 2172, 501, '15:30:00', '18:30:00'),
(182, 2, '4141702', '65/14', 2307, 501, '08:30:00', '12:30:00'),
(183, 2, '4144504', '63/16', 6049, 501, '13:30:00', '17:30:00'),
(184, 3, '4141702', '65/15', 2307, 501, '08:30:00', '12:30:00'),
(185, 3, '4141702', '65/16', 2307, 501, '13:30:00', '17:30:00'),
(186, 4, '4144504', '63/14', 6049, 501, '08:30:00', '12:30:00'),
(187, 4, '4144504', '63/15', 6049, 501, '13:30:00', '17:30:00'),
(188, 0, '4000102', '64/3', 3077, 502, '08:30:00', '11:30:00'),
(189, 0, '4000102', '64/100', 3077, 502, '12:30:00', '15:30:00'),
(190, 0, '4000102', '64/2', 3077, 502, '15:30:00', '18:30:00'),
(191, 1, '4000201', '65/87', 5093, 502, '08:30:00', '11:30:00'),
(192, 1, '4000201', '65/86', 5093, 502, '12:30:00', '15:30:00'),
(193, 1, '4000201', '65/88', 5093, 502, '15:30:00', '18:30:00'),
(194, 2, '4000102', '64/21', 3077, 502, '08:30:00', '11:30:00'),
(195, 2, '4000102', '64/20', 3077, 502, '13:30:00', '16:30:00'),
(196, 3, '4000102', '64/23', 2147, 502, '08:30:00', '11:30:00'),
(197, 3, '4000102', '64/24', 3076, 502, '12:30:00', '15:30:00'),
(198, 3, '4000102', '64/22', 2268, 502, '15:30:00', '18:30:00'),
(199, 4, '4000102', '64/27', 7013, 502, '08:30:00', '11:30:00'),
(200, 4, '4000102', '64/26', 2307, 502, '12:30:00', '15:30:00'),
(201, 0, '7142101', '64/37', 4060, 503, '08:30:00', '11:30:00'),
(202, 0, '7144201', '63/42', 3063, 503, '12:30:00', '14:30:00'),
(203, 0, '7203802', '62/38', 7014, 503, '14:30:00', '18:30:00'),
(204, 1, '7144302', '62/36', 3075, 503, '08:30:00', '12:30:00'),
(205, 1, '7203802', '62/37', 7014, 503, '13:30:00', '17:30:00'),
(206, 1, '7144304', '62/36', 3063, 503, '17:30:00', '19:30:00'),
(207, 2, '7143409', '63/42', 7042, 503, '08:30:00', '12:30:00'),
(208, 2, '7142104', '64/37', 7043, 503, '13:30:00', '16:30:00'),
(209, 2, '7144304', '62/36', 3063, 503, '17:30:00', '19:30:00'),
(210, 3, '7142302', '64/37', 3075, 503, '08:30:00', '12:30:00'),
(211, 3, '7143607', '62/36', 7042, 503, '13:30:00', '17:30:00'),
(212, 3, '7144304', '62/36', 3063, 503, '17:30:00', '19:30:00'),
(213, 0, '7163201', '62/44', 3029, 506, '15:30:00', '18:30:00'),
(214, 1, '7161101', '64/44', 7113, 506, '13:30:00', '16:30:00'),
(215, 2, '7163102', '62/44', 7007, 506, '08:30:00', '11:30:00'),
(216, 2, '7163102', '63/49', 7007, 506, '08:30:00', '11:30:00'),
(217, 3, '7162102', '63/49', 6076, 506, '13:30:00', '16:30:00'),
(218, 0, '4000102', '64/30', 2269, 508, '08:30:00', '11:30:00'),
(219, 0, '4000102', '64/31', 3004, 508, '12:30:00', '15:30:00'),
(220, 0, '4000201', '65/90', 6001, 508, '15:30:00', '18:30:00'),
(221, 1, '4000201', '65/69', 3022, 508, '08:30:00', '11:30:00'),
(222, 1, '4000201', '65/70', 3022, 508, '15:30:00', '18:30:00'),
(223, 2, '4000102', '64/8', 2270, 508, '08:30:00', '11:30:00'),
(224, 2, '4000102', '64/25', 3074, 508, '13:30:00', '16:30:00'),
(225, 3, '4000201', '65/73', 6015, 508, '08:30:00', '11:30:00'),
(226, 3, '4000201', '65/74', 6015, 508, '12:30:00', '15:30:00'),
(227, 3, '4000201', '65/94', 6015, 508, '15:30:00', '18:30:00'),
(228, 4, '4000201', '65/93', 3022, 508, '08:30:00', '11:30:00'),
(229, 4, '4000201', '65/92', 3022, 508, '12:30:00', '15:30:00'),
(230, 0, '7161401', '65/44', 6015, 509, '08:30:00', '12:30:00'),
(231, 0, '7162501', '64/44', 6015, 509, '13:30:00', '17:30:00'),
(232, 1, '7163701', '63/49', 7043, 509, '08:30:00', '12:30:00'),
(233, 1, '7161102', '65/44', 7043, 509, '13:30:00', '17:30:00'),
(234, 2, '7161601', '65/44', 6001, 509, '08:30:00', '12:30:00'),
(235, 2, '7164306', '62/44,63/49', 6001, 509, '13:30:00', '17:30:00'),
(237, 3, '7163501', '63/49', 7007, 509, '08:30:00', '12:30:00'),
(238, 3, '7164314', '62/44', 7007, 509, '13:30:00', '17:30:00'),
(239, 4, '7164901', '62/44', 5093, 509, '08:30:00', '11:30:00'),
(240, 4, '7162503', '64/44', 5093, 509, '13:30:00', '17:30:00'),
(241, 4, '7162503', '65/44', 5093, 509, '13:30:00', '17:30:00'),
(268, 6, '4000201', '25.11', 2256, 502, '08:30:00', '11:00:00'),
(269, 6, '7203804', '24.2', 2256, 310, '11:50:00', '14:20:00'),
(270, 6, '7203607', '24.2', 3068, 310, '08:30:00', '11:00:00'),
(271, 6, '7204902', '23.2', 3068, 304, '11:50:00', '16:50:00'),
(272, 6, '7112201', '24.3', 3080, 407, '14:20:00', '16:50:00'),
(273, 6, '7113204', '24.3', 3080, 407, '16:50:00', '19:20:00'),
(274, 6, '7202106', '25.3', 3236, 303, '11:50:00', '14:20:00'),
(275, 6, '7202303', '26.3', 3236, 408, '14:20:00', '16:50:00'),
(276, 6, '7204903', '23.2', 3236, 303, '16:50:00', '19:20:00'),
(277, 6, '7112403', '25.4', 4061, 407, '08:30:00', '11:00:00'),
(278, 6, '4000201', '25.4', 4061, 404, '14:20:00', '16:50:00'),
(279, 6, '7101002', '26.4', 4061, 404, '16:50:00', '19:20:00'),
(280, 6, '7112404', '24.3', 4075, 404, '08:30:00', '11:00:00'),
(281, 6, '7113205', '24.3', 4075, 404, '11:50:00', '14:20:00'),
(282, 6, '4000126', '23.1', 4075, 409, '14:20:00', '16:50:00'),
(283, 6, '7201104', '25.3', 6002, 303, '08:30:00', '11:00:00'),
(284, 6, '7201103', '26.3', 6002, 408, '16:50:00', '19:20:00'),
(285, 6, '7203802', '24.2', 6012, 310, '14:20:00', '16:50:00'),
(286, 6, '7203603', '24.2', 6012, 310, '16:50:00', '19:20:00'),
(287, 6, '7111301', '25.4', 7048, 408, '11:50:00', '14:20:00'),
(288, 6, '7111401', '26.4', 7048, 403, '14:20:00', '16:50:00'),
(289, 6, '4000201', '25.9', 77132, 502, '11:50:00', '14:20:00'),
(290, 6, '4000201', '25.10', 2142, 502, '14:20:00', '16:50:00'),
(291, 6, '4000201', '26.9', 77132, 502, '16:50:00', '19:20:00');

-- --------------------------------------------------------

--
-- Table structure for table `tb_day`
--

CREATE TABLE `tb_day` (
  `day_id` int(1) NOT NULL,
  `day_name` varchar(20) CHARACTER SET utf16 COLLATE utf16_general_ci NOT NULL
) ENGINE=InnoDB DEFAULT CHARSET=utf8 COLLATE=utf8_bin;

--
-- Dumping data for table `tb_day`
--

INSERT INTO `tb_day` (`day_id`, `day_name`) VALUES
(0, 'จันทร์'),
(1, 'อังคาร'),
(2, 'พุธ'),
(3, 'พฤหัสบดี'),
(4, 'ศุกร์'),
(5, 'เสาร์'),
(6, 'อาทิตย์');

-- --------------------------------------------------------

--
-- Table structure for table `tb_member`
--

CREATE TABLE `tb_member` (
  `id` int(11) NOT NULL,
  `name` varchar(50) NOT NULL,
  `surname` varchar(100) NOT NULL,
  `username` varchar(50) NOT NULL,
  `password` varchar(50) NOT NULL,
  `sec` varchar(11) NOT NULL,
  `phone` varchar(10) NOT NULL,
  `userlevel` varchar(10) NOT NULL
) ENGINE=InnoDB DEFAULT CHARSET=utf8;

--
-- Dumping data for table `tb_member`
--

INSERT INTO `tb_member` (`id`, `name`, `surname`, `username`, `password`, `sec`, `phone`, `userlevel`) VALUES
(1, 'bankiiz', 'czczc', 'bank', 'bdd240c8fe7174e6ac1cfdd5282de76eb7ad6815', '0', '0', ''),
(2, 'เจษฎากร ', 'แสนเทศ', '644144052', '9531b04a8a9ff5b1a0984ef349781a154f3797f1', '0', '0', ''),
(3, 'สิรา', 'สิราริยกุล', '644144077', 'cc0eb028ce230866ac12e82be31b18e0c74aa25b', '64/15', '0851978734', ''),
(4, 'เจษฎากร ', 'แสนเทศ', '644144052', '9531b04a8a9ff5b1a0984ef349781a154f3797f1', '64/15', '0942145752', ''),
(5, 'ฐิตินันท์ ', 'ไชยยศ', '654230002', '452421d58104208ae00c1c1079a69d3f1c0fee17', '65/40', '0854745734', ''),
(6, 'ระพีพร​​', 'สัมพันธ์กาญจน์', 'bankiiz', '8cb2237d0679ca88db6464eac60da96345513964', '65/40', '0948658934', ''),
(7, 'hfgchd', 'hghfh', '123456', '7c4a8d09ca3762af61e59520943dc26494f8941b', '65/40', '0948658934', ''),
(8, 'dsfsf', 'sdfsf', '111111', '3d4f2bf07dc1be38b20cd6e46949a1071f9d0e3d', '64/15', '0948658934', '');

-- --------------------------------------------------------

--
-- Table structure for table `tb_room`
--

CREATE TABLE `tb_room` (
  `room_id` int(4) NOT NULL,
  `room_name` varchar(30) CHARACTER SET utf8 COLLATE utf8_general_ci NOT NULL,
  `com` int(50) NOT NULL,
  `chair` int(50) NOT NULL
) ENGINE=InnoDB DEFAULT CHARSET=utf8;

--
-- Dumping data for table `tb_room`
--

INSERT INTO `tb_room` (`room_id`, `room_name`, `com`, `chair`) VALUES
(202, 'C202', 0, 0),
(205, 'C205', 0, 0),
(206, 'C206', 0, 0),
(210, 'C210', 0, 0),
(303, 'C303', 0, 0),
(304, 'C304', 0, 0),
(305, 'C305', 0, 0),
(306, 'C306', 0, 0),
(307, 'C307', 0, 0),
(309, 'C309', 0, 0),
(310, 'C310', 0, 0),
(402, 'C402', 0, 0),
(403, 'C403', 0, 0),
(404, 'C404', 0, 0),
(407, 'C407', 0, 0),
(408, 'C408', 0, 0),
(409, 'C409', 0, 0),
(411, 'C411', 0, 0),
(412, 'C412', 0, 0),
(501, 'C501', 0, 0),
(502, 'C502', 0, 0),
(503, 'C503', 0, 0),
(506, 'C506', 0, 0),
(508, 'C508', 0, 0),
(509, 'C509', 0, 0);

-- --------------------------------------------------------

--
-- Table structure for table `tb_teacher`
--

CREATE TABLE `tb_teacher` (
  `teacher_id` int(5) NOT NULL,
  `teacher_name` text CHARACTER SET utf8 COLLATE utf8_unicode_ci NOT NULL
) ENGINE=InnoDB DEFAULT CHARSET=utf8 COLLATE=utf8_unicode_ci;

--
-- Dumping data for table `tb_teacher`
--

INSERT INTO `tb_teacher` (`teacher_id`, `teacher_name`) VALUES
(0, ''),
(2138, 'รศ.ดร.เอกราชันย์  ไชยชนะ'),
(2142, 'อ.วริยา  เย็นเปิง'),
(2147, 'ผศ.ดร.จรินทร  อุ่มไกร'),
(2158, 'ผศ.ดร.กัญจน์รัตน์  สุขรัตน์'),
(2161, 'ผศ.บัญญัติ  วารินทร์ใหล'),
(2163, 'อ.อุมาพร  ปฏิพันธ์ภูมิสกุล'),
(2165, 'อ.วาริศา  เพชรธีรานนท์'),
(2166, 'อ.นฤพล  สุวรรณวิจิตร'),
(2168, 'ผศ.ดร.อรรถพล  พลานนท์'),
(2172, 'ผศ.ขนิษฐา  แซ่ลิ้ม'),
(2173, 'รศ.ดร.สันติ  กูลการขาย'),
(2174, 'ผศ.อดิศร  แก้วภักดี'),
(2175, 'ผศ.เฉลิมชนม์  ตั้งวชิรพันธุ์'),
(2176, 'อ.สุชารัตน์  จันทาพูนธยาน์'),
(2180, 'ผศ.ดร.ภารณี  นิลกรณ์'),
(2223, 'ผศ.วิศวินทร์  อัครปัญญาธร'),
(2256, 'ผศ.สุธารัตน์  ชาวนาฟาง'),
(2260, 'ผศ.ดร.บพิตร  ไชยนอก'),
(2261, 'ดร.เกษรินทร์  ชาวเกวียน'),
(2268, 'ผศ.ดร.ภานุวัฒน์  ศรีไชยเลิศ'),
(2269, 'ผศ.ดร.วินัย  เพ็งภิญโญ'),
(2270, 'ผศ.ดร.อุไรวรรณ  ศรีไชยเลิศ'),
(2287, 'อ.ฐาฤทธิ์  ส่งแสง'),
(2291, 'ผศ.ดร.เสาวณี  คงศรี'),
(2293, 'ดร.วันเพ็ญ  คำเทศ'),
(2295, 'อ.วิศวะ  สื่อสุวรรณ'),
(2296, 'อ.แก้วตา  เจือนาค'),
(2299, 'อ.จุฑาศินี  พรพุทธศรี'),
(2305, 'ผศ.ดร.กิตติพงษ์  เสียงเสนาะ'),
(2307, 'อ.พงษ์ดนัย  จิตตวิสุทธิกุล'),
(2310, 'ดร.วรเชษฐ์  อุทธา'),
(2311, 'ผศ.ดร.ปิยะชาติ  มีจิตรไพศาล'),
(2312, 'ผศ.ดร.วุฒิชัย  ไชยภักษา'),
(2313, 'ดร.วัชรินทร์  ราชนิยม'),
(2326, 'ดร.ชูเกียรติ  โชติกเสถียร'),
(2327, 'ดร.จันจิรา  จรามรบูรพงศ์'),
(2328, 'อ.ศุภสุตา  การูจี'),
(2330, 'อ.นวลทิพย์  วันทนะ'),
(2331, 'อ.วิรชา  วิรัชกุล'),
(2332, 'อ.สุวนีย์  กุลกรินีธรรม'),
(3004, 'ดร.ปถมาภรณ์  ไทยโพธิ์ศรี'),
(3008, 'ผศ.ดร.รุ่งทิวา  ชิดทอง'),
(3010, 'ผศ.ดร.เจษฎา  สาททอง'),
(3017, 'ดร.ชลิดา  ตระกูลสุนทร'),
(3020, 'ผศ.ดร.อุษณีย์  ภักดีตระกูลวงศ์'),
(3022, 'ผศ.อารีรัตน์  แก้วประดิษฐ์'),
(3024, 'อ.วรารัตน์  สานนท์'),
(3027, 'อ.รพีพร  ชัยชนะ'),
(3036, 'ดร.ธันยนันท์  ศรีพันธ์ลม'),
(3042, 'ผศ.วีระศักดิ์  ชื่นตา'),
(3043, 'ผศ.วิโรจน์  บัวงาม'),
(3045, 'ผศ.บัญชา  หิรัญสิงห์'),
(3047, 'อ.ธีระพล  ลิ้มศรัทธา'),
(3053, 'ผศ.ดร.นิฏฐิตา  เชิดชู'),
(3063, 'ผศ.นันทิยา  หลิมศิโรรัตน์'),
(3068, 'อ.ศุภกฤษ  นาคป้อมฉิน'),
(3070, 'ดร.วัชระ  จันทร์อนันต์'),
(3074, 'ผศ.ดร.ไกยสิทธิ์  อภิระติง'),
(3075, 'ผศ.ดร.อุบลรัตน์  ศิริสุขโภคา'),
(3076, 'ดร.มนัสนิต  ใจดี'),
(3077, 'ดร.สุมาลี  สุนทรา'),
(3079, 'อ.วจินี  อารีรอบ'),
(3080, 'ดร.เกล้ากัลยา  ศิลาจันทร์'),
(3081, 'อ.จรรยา  พรหมเฉลิม'),
(3082, 'ผศ.ดร.บุญธง  วสุริย์'),
(3086, 'ศ.ดร.ปิยะ  โควินท์ทวีวัฒน์'),
(3092, 'ดร.กัญญา  สอนสนิท'),
(3093, 'ผศ.ดร.พิทักษ์พงศ์  ป้อมปราณี'),
(3096, 'ผศ.ประภาพรรณ  เพียรชอบ'),
(3107, 'ผศ.ดร.อดิศักดิ์  จตุรพิรีย์'),
(3114, 'อ.สุภารัตน์  ถิรนันทนากร'),
(3123, 'อ.อัมรินทร์  อภิรักษ์มาศ'),
(3128, 'ดร.ศุภมาศ  ปั้นปัญญา'),
(3129, 'รศ.ดร.นิตยา  จันกา'),
(3131, 'ผศ.ดร.กีรติ  เกิดศิริ'),
(3133, 'ผศ.ดร.กิติพันธ์  บุญอินทร์'),
(3148, 'ผศ.ดร.ธนัญญา  เสาวภาคย์'),
(3174, 'รศ.ดร.ณัฐพล  ศรีสิทธิโภคกุล'),
(3175, 'ผศ.ดร.เกียรติยศ  เจือกโว้น'),
(3177, 'ผศ.ดร.ญาณิกา  วัชรเทวินทร์กุล'),
(3200, 'ผศ.กฤษฎา  เลิกชัยภูมิ'),
(3209, 'รศ.ดร.ปิยะพร ตันณีกุล'),
(3219, 'อ.ศรัณยา  จังโส'),
(3220, 'อ.อุกฤษฏ์  อำไพพันธุ์'),
(3228, 'อ.กัลยาภัสร์  จารุปรีดีพัทธ์'),
(3230, 'ผศ.ดร.ณัฐกฤตา  จันทิมา'),
(3231, 'ดร.ธัญนันทร์  สัจจะบริบูรณ์'),
(3236, 'อ.พิชยา  สุขปลั่ง'),
(3237, 'อ.ธีรศักดิ์  สร้อยคีรี'),
(4019, 'ผศ.ดร.ธวัชชัย  ทองเหลี่ยม'),
(4060, 'ผศ.ดร.ณัฐพัชญ์  ศรีราจันทร์'),
(4061, 'ผศ.ธานิล  ม่วงพูล'),
(4075, 'ผศ.อวยไชย  อินทรสมบัติ'),
(4089, 'ผศ.วาสนา  เนียมแสวง'),
(5002, 'อ.อุษา  พันฤทธิ์ดำ'),
(5003, 'ผศ.ดร.ทศพร  พิพัฒน์ภานุกูล'),
(5014, 'ผศ.ดร.โสภาพรรณ  สุวรรณสว่าง'),
(5024, 'ผศ.อารีย์  วรเตชะคงคา'),
(5030, 'ผศ.ดร.สมปอง  ทองงามดี'),
(5039, 'อ.สุขสวัสดิ์ แซ่ลิ่ม'),
(5049, 'ผศ.หฤทัย  ดิ้นสกุล'),
(5068, 'ผศ.ดร.ณวิชชา  อ่อนใจเอื้อ'),
(5084, 'ผศ.ศิริชัย  โสภา'),
(5093, 'ผศ.ดร.ไก้รุ่ง  เฮงพระพรหม'),
(6001, 'ผศ.อภินันท์  จุ่นกรณ์'),
(6002, 'ดร.ปริพัส  ศรีสมบูรณ์'),
(6005, 'ผศ.ดร.พรพรรณ  อู่สุวรรณ'),
(6011, 'อ.อนัญญา  ทองสิมา'),
(6012, 'อ.แก้วใจ  อาภรณ์พิศาล'),
(6015, 'ผศ.ดร.สุพจน์  เฮงพระพรหม'),
(6019, 'ผศ.ดร.วันเพ็ญ  แสงทองพินิจ'),
(6045, 'รศ.ดร.ศุภรัตน์  ทัศน์เจริญ'),
(6048, 'รศ.ดร.สัญญา  ควรคิด'),
(6049, 'ดร.วิมาน  ใจดี'),
(6075, 'ผศ.ดร.ณรงค์ชัย  บุญโญปกรณ์'),
(6076, 'รศ.ดร.วิฑูรย์  พึ่งรัตนา'),
(6077, 'ผศ.ดร.อุมาพร  อาลัย'),
(6094, 'ผศ.ดร.พุฒิยา  รัตนศิริวัฒน์'),
(6095, 'ผศ.ธีระศักดิ์  ธรรมบำรุง'),
(6096, 'ดร.ปิยวรรณ  ธรรมบำรุง'),
(7001, 'ผศ.ดร.วรินทร์  ศรีปัญญา'),
(7003, 'ผศ.สมเกียรติ  ช่อเหมือน'),
(7004, 'ผศ.ดร.ยศกิต  เรืองทวีป'),
(7006, 'ผศ.ดร.พฤกษ์  โปร่งสำโรง'),
(7007, 'ผศ.ดร.สุวิมล  มรรควิบูลย์ชัย'),
(7013, 'ผศ.ดร.นพดล  ผู้มีจรรยา'),
(7014, 'อ.รุจิราวดี  ธรรมแสง'),
(7037, 'ผศ.ดร.อกนิษฐ์  ศรีภูธร'),
(7040, 'ผศ.บุญชะนะ  วาราชะนนท์'),
(7041, 'ผศ.ดร.ศัลยพงศ์  วิชัยดิษฐ'),
(7042, 'ผศ.ดร.ไพศาล  สิมาเลาเต่า'),
(7043, 'ผศ.ดร.ภรัณยา  ปาลวิสุทธิ์'),
(7048, 'ผศ.มงคล  รอดจันทร์'),
(7055, 'รศ.ดร.จักรพงษ์  แก้วขาว'),
(7056, 'ผศ.ดร.อรุณรัตน์  สัณฐิติกวินสกุล'),
(7060, 'รศ.ดร.สุวิมล  นวลพระลักษณ์'),
(7069, 'ผศ.ดร.ธีรารัตน์  แช่มชัยพร'),
(7070, 'ผศ.ดร.เมธานี  หอมทอง'),
(7088, 'รศ.ดร.พงษ์นาถ  นาถวรานันต์'),
(7097, 'อ.สุพิชฌาย์  จันทร์เรือง'),
(7098, 'ดร.สมจินต์  จันทรเจษฎากร'),
(7111, 'รศ.ดร.ภัทรวจี  ยะสะกะ'),
(7112, 'ดร.ดวงนภา  วานิชสรรพ์'),
(7113, 'ผศ.ดร.วันเพ็ญ  จันทรังษี'),
(9108, 'อ.ดวงรัตน์  เสือขำ'),
(9111, 'อ.นันทิดา  โหวดมงคล'),
(77121, 'อ.โกวิทย์  ชนะเคน'),
(77123, 'ดร.ปิติพล  พลพบู'),
(77124, 'ผศ.ดร.วทัญญู  มีศรีสุข'),
(77125, 'ผศ.อานนท์  อิศรมงคลรักษ์'),
(77129, 'ดร.เมธิญา  กลกิจ'),
(77130, 'ดร.พรภิไล  ถนอมสงัด'),
(77131, 'อ.ไอยเรศ  บุญเกิด'),
(77132, 'อ.มนัส  รงทอง'),
(77133, 'อ.ดวงกมล  แสงธีรกิจ'),
(77134, 'ดร.วนัชพร  บุญธรรม'),
(77135, 'อ.เกรียงไกร  มีถาวร'),
(77136, 'อ.ณฤดล  ผอูนรัตน์'),
(77137, 'อ.ชิราวุธ  ปุญณวิช'),
(77138, 'อ.เอื้อพร  จรัสเพิ่มสุข'),
(77140, 'อ.ชาญวุฒิ  สว่างศรี');

--
-- Indexes for dumped tables
--

--
-- Indexes for table `borrow`
--
ALTER TABLE `borrow`
  ADD PRIMARY KEY (`id`);

--
-- Indexes for table `register`
--
ALTER TABLE `register`
  ADD PRIMARY KEY (`register_id`);

--
-- Indexes for table `schedules`
--
ALTER TABLE `schedules`
  ADD PRIMARY KEY (`sch_id`);

--
-- Indexes for table `tb_day`
--
ALTER TABLE `tb_day`
  ADD PRIMARY KEY (`day_id`);

--
-- Indexes for table `tb_member`
--
ALTER TABLE `tb_member`
  ADD PRIMARY KEY (`id`);

--
-- Indexes for table `tb_room`
--
ALTER TABLE `tb_room`
  ADD PRIMARY KEY (`room_id`);

--
-- Indexes for table `tb_teacher`
--
ALTER TABLE `tb_teacher`
  ADD PRIMARY KEY (`teacher_id`);

--
-- AUTO_INCREMENT for dumped tables
--

--
-- AUTO_INCREMENT for table `borrow`
--
ALTER TABLE `borrow`
  MODIFY `id` int(50) NOT NULL AUTO_INCREMENT, AUTO_INCREMENT=6;

--
-- AUTO_INCREMENT for table `register`
--
ALTER TABLE `register`
  MODIFY `register_id` int(10) NOT NULL AUTO_INCREMENT;

--
-- AUTO_INCREMENT for table `schedules`
--
ALTER TABLE `schedules`
  MODIFY `sch_id` int(11) NOT NULL AUTO_INCREMENT, AUTO_INCREMENT=292;

--
-- AUTO_INCREMENT for table `tb_member`
--
ALTER TABLE `tb_member`
  MODIFY `id` int(11) NOT NULL AUTO_INCREMENT, AUTO_INCREMENT=9;

--
-- AUTO_INCREMENT for table `tb_room`
--
ALTER TABLE `tb_room`
  MODIFY `room_id` int(4) NOT NULL AUTO_INCREMENT, AUTO_INCREMENT=510;
COMMIT;

/*!40101 SET CHARACTER_SET_CLIENT=@OLD_CHARACTER_SET_CLIENT */;
/*!40101 SET CHARACTER_SET_RESULTS=@OLD_CHARACTER_SET_RESULTS */;
/*!40101 SET COLLATION_CONNECTION=@OLD_COLLATION_CONNECTION */;
